keys,en
COMMON_ACCEPT,"Accept"
COMMON_CANCEL,"Cancel"
COMMON_DECLINE,"Decline"
COMMON_SEND,"Send"
COMMON_SENDING,"Sending..."
COMMON_CLOSE,"Close"
COMMON_APPLY,"Apply"
COMMON_START,"Start"
COMMON_STOP,"Stop"
COMMON_DOWNLOAD,"Download"
COMMON_ERROR,"Error"
COMMON_PROGRESS,"Progress..."
COMMON_ON,"On"
COMMON_OFF,"Off"
COMMON_SELECT_FILE,"Select file"
COMMON_SELECT_FOLDER,"Select folder"
COMMON_RESEND,"Resend"
COMMON_RESEND_WAIT,"Resend (%d)"
APP_VERSION_LABEL,"ALISSRIP - OUTBREAK REVIVAL  V%s"
MAIN_PLAY,"PLAY"
MAIN_LOADING,"LOADING"
LOGIN_LOADING,"Loading"
LOGIN_USER,"User"
LOGIN_PASSWORD,"Password"
LOGIN_REGISTER,"Register"
LOGIN_FORGOT,"Forgot my password"
LOGIN_ERR_CREDENTIALS,"Wrong user or password"
LOGIN_ERR_CONNECTION,"Could not connect to the server"
LOGIN_ERR_UNKNOWN,"PRENDAN FUEGO EL CAPITALISMO"
NAV_NEWS,"NEWS"
NAV_PROFILE,"PROFILE"
NAV_CHAT,"CHAT"
NAV_SETTINGS,"SETTINGS"
NAV_SERVER,"SERVER"
FRIENDS_SEARCH_PLACEHOLDER,"Search a friend"
FRIENDS_EMPTY,"-No friends found-"
SEARCH_USER_PLACEHOLDER,"Find a user"
SEARCH_USER_EMPTY,"-No users found-"
NEWS_TITLE,"NEWS"
NEWS_LOAD_MORE,"Load more news"
STATUS_ONLINE,"Online"
STATUS_AFK,"AFK"
STATUS_BUSY,"Busy"
BADGE_ONLINE,"ONLINE"
BADGE_AFK,"AFK"
BADGE_BUSY,"BUSY"
BADGE_INGAME,"IN GAME"
BADGE_OFFLINE,"OFFLINE"
PROFILE_STATS_TITLE,"Stats"
PROFILE_HISTORY_TITLE,"History"
PROFILE_RECORDS_TITLE,"Records"
PROFILE_ACHIEVEMENTS_TITLE,"Achievements"
PROFILE_BIO_PLACEHOLDER,"Put anything that you want"
PROFILE_BIO_EMPTY,"Empty. Click here to write something."
PROFILE_BIO_LIMIT,"120 characters maximum"
PROFILE_ADD_FRIEND,"Send Friend Request"
PROFILE_REMOVE_FRIEND,"Remove Friend"
PROFILE_RELATION_PENDING,"PENDING"
PROFILE_RELATION_INCOMING,"ACCEPT FROM REQUESTS"
STATS_MUC,"MUC: %s"
STATS_TIME,"Time: %s"
STATS_HITS,"Hits: %d"
STATS_SHOTS,"Shots: %d"
STATS_POINTS,"Points: %d"
STATS_DEATHS,"Deaths: %d"
HISTORY_EMPTY,"-No games found-"
HISTORY_TIME,"Time: %s"
HISTORY_INFECTION,"Infection: %d%%"
HISTORY_POINTS,"Points: %d"
HISTORY_RANK,"Rank: %s"
RECORDS_EMPTY,"-No records found-"
RECORD_TIME,"Time: %s"
RECORD_INFECTION,"Infection: %d%%"
RECORD_POINTS,"Points: %d"
RECORD_RANK,"Rank: %s"
RECORD_TOTAL_TIME,"Total Time: %s"
RECORD_AVG_INFECTION,"Avg Infection: %d%%"
ACH_NOT_LINKED,"-RetroAchievements account not linked-\n-Go to settings and set it up-\n\n-If you do not have an account, click below-\n[url=https://retroachievements.org/createaccount.php]CREATE A RETROACHIEVEMENTS ACCOUNT[/url]"
ACH_NOT_ACHIEVED,"Not achieved"
ACH_OTHER_NOT_LINKED,"-This user has no RetroAchievements account linked-\n-Their achievements cannot be shown-"
ACH_OWN_EMPTY,"-No achievements to show yet-\n-Play with achievements enabled to start unlocking them-"
ACH_OTHER_EMPTY,"-This user has no achievements to show yet-"
ACH_NORMAL_PCT,"NORMAL: %.2f%%"
ACH_HARD_PCT,"HARD MODE: %.2f%%"
CHAT_TITLE,"Chat"
CHAT_GLOBAL,"GLOBAL"
CHAT_GLOBAL_TITLE,"Global"
CHAT_SHOW_PROFILE,"SHOW PROFILE"
CHAT_UNFRIEND,"UNFRIEND"
CHAT_LOAD_MORE,"Load more messages"
CHAT_INPUT_PLACEHOLDER,"Send a message"
SETTINGS_LAUNCH_TITLE,"Launch Options"
SETTINGS_LAUNCHER_RES,"Launcher resolution"
SETTINGS_GAME_PATH,"Game path"
SETTINGS_GAME_PATH_HINT,"Path to your game ISO"
SETTINGS_BIOS_PATH,"BIOS path"
SETTINGS_BIOS_PATH_HINT,"Path to your PS2 BIOS"
SETTINGS_BIOS_REQUIREMENT,"The BIOS must be a .bin file, version SCPH-10000."
SETTINGS_ROM_REQUIREMENT,"The ROM must be an .iso file, version SLPM-65428."
SETTINGS_BIOS_INVALID_TITLE,"Invalid BIOS"
SETTINGS_BIOS_INVALID_MSG,"That file is not a valid BIOS. It must be a .bin file, version SCPH-10000."
SETTINGS_ROM_INVALID_TITLE,"Invalid ROM"
SETTINGS_ROM_INVALID_MSG,"That file is not a valid ROM. It must be an .iso file, version SLPM-65428."
SETTINGS_GRAPHICS_TITLE,"Graphics settings"
SETTINGS_FULLSCREEN,"Full screen"
SETTINGS_DYNAMIC_GRAPHICS,"Dynamic graphics based on ping"
SETTINGS_DYNAMIC_GRAPHICS_HINT,"Adjusts the graphics to your current ping for a smoother experience."
SETTINGS_GRAPHICS_PRESETS,"Graphics presets"
SETTINGS_ASPECT_RATIO,"Aspect ratio"
GFX_ASPECT_FIT,"Fit to Window / Fullscreen"
GFX_ASPECT_AUTO,"Auto Standard (4:3 interlaced / 3:2 progressive)"
GFX_ASPECT_STANDARD,"Standard (4:3)"
GFX_ASPECT_WIDE,"Widescreen (16:9)"
GFX_ASPECT_NATIVE,"Native/Full (10:7)"
GFX_AUTO_DEFAULT,"Automatic (Default)"
GFX_OFF_DEFAULT,"Off (Default)"
SETTINGS_JOYSTICK_TITLE,"Joystick settings"
SETTINGS_JOY_AUTOSET,"Auto set"
SETTINGS_JOY_AUTOSET_HINT,"Set your controller inputs automatically."
PAD_NO_CONTROLLERS,"No controllers"
PAD_PRESS_KEY,"Press any key..."
PAD_UNSUPPORTED,"Unsupported key"
PAD_UNBOUND,"Unbound"
PAD_CROSS,"Cross"
PAD_CIRCLE,"Circle"
PAD_TRIANGLE,"Triangle"
PAD_SQUARE,"Square"
PAD_L1,"L1"
PAD_L2,"L2"
PAD_R1,"R1"
PAD_R2,"R2"
PAD_L3,"L3"
PAD_R3,"R3"
PAD_START,"Start"
PAD_SELECT,"Select"
PAD_ARROW_UP,"Arrow Up"
PAD_ARROW_LEFT,"Arrow Left"
PAD_ARROW_DOWN,"Arrow Down"
PAD_ARROW_RIGHT,"Arrow Right"
PAD_LSTICK_UP,"L-Stick Up"
PAD_LSTICK_LEFT,"L-Stick Left"
PAD_LSTICK_DOWN,"L-Stick Down"
PAD_LSTICK_RIGHT,"L-Stick Right"
PAD_RSTICK_UP,"R-Stick Up"
PAD_RSTICK_LEFT,"R-Stick Left"
PAD_RSTICK_DOWN,"R-Stick Down"
PAD_RSTICK_RIGHT,"R-Stick Right"
PAD_CROSS_DESC,"Menu: Confirm | Game: Action | Inventory: Use item"
PAD_CIRCLE_DESC,"Menu: Back | Game: Joke dialogue | Inventory: Inspect item"
PAD_TRIANGLE_DESC,"Menu: Chat | Game: Map | Inventory: none"
PAD_SQUARE_DESC,"Menu: none | Game: Hold to run | Inventory: Close inventory"
PAD_L1_DESC,"Inventory: Previous tab"
PAD_L2_DESC,"The most useless button in the game"
PAD_R1_DESC,"Game: Aim weapon | Inventory: Next tab"
PAD_R2_DESC,"Game: Aim weapon"
PAD_START_DESC,"Menu: Options | Game: Open inventory | Inventory: Close inventory"
PAD_SELECT_DESC,"Game: Open options | Inventory: Close options"
PAD_DPAD_DESC,"Menu: Navigate | Game: Tank controls (turn and move) | Inventory: Navigate"
PAD_STICK_DESC,"Menu: Navigate | Game: Free movement | Inventory: Navigate"
PAD_L3_DESC,"Game: Special skill"
PAD_RSTICK_UP_DESC,"Game: ""Go"" dialogue"
PAD_RSTICK_LEFT_DESC,"Game: ""Help"" dialogue"
PAD_RSTICK_DOWN_DESC,"Game: ""Come"" dialogue"
PAD_RSTICK_RIGHT_DESC,"Game: ""Thanks"" dialogue"
PAD_R3_DESC,"Game: ""Wait"" dialogue"
SETTINGS_RA_TITLE,"RetroAchievements settings"
SETTINGS_RA_CONNECT_LABEL,"Connect your RA account"
SETTINGS_RA_CONNECT_HINT,"Link your RetroAchievements account to earn achievements while you play."
SETTINGS_RA_NICKNAME,"Nickname"
SETTINGS_RA_NICKNAME_HINT,"Your RetroAchievements nickname. Log out and log in again to refresh it."
SETTINGS_RA_NICKNAME_PLACEHOLDER,"your nickname"
SETTINGS_RA_HARDMODE,"Enable Hard Mode"
SETTINGS_RA_HARDMODE_HINT,"Play in hardcore mode. Save states and cheats stay disabled."
RA_TITLE,"RetroAchievements"
RA_CONNECT,"CONNECT"
RA_DISCONNECT,"DISCONNECT"
RA_CHECKING,"CHECKING..."
RA_DISCONNECT_CONFIRM,"Disconnect your RetroAchievements account?\nYou will stop earning achievements."
RA_LOGIN_FAILED,"Login failed. Check your credentials."
RA_CONFIG_WRITE_FAILED,"Could not write the emulator config."
POPUP_RA_TITLE,"Connect RA account"
SETTINGS_ADV_GFX_TITLE,"Advanced graphics settings"
GFX_INTERNAL_RES,"Internal Resolution"
GFX_TEXTURE_FILTER,"Texture Filtering"
GFX_FMV_ASPECT,"FMV Aspect Ratio Override"
GFX_DEINTERLACING,"Deinterlacing"
GFX_BILINEAR,"Bilinear Filtering"
GFX_TRILINEAR,"Trilinear Filtering"
GFX_ANISOTROPIC,"Anisotropic Filtering"
GFX_DITHERING,"Dithering"
GFX_RES_1X,"Native (PS2) (Default)"
GFX_RES_2X,"2x Native (~720px/HD)"
GFX_RES_3X,"3x Native (~1080px/FHD)"
GFX_RES_4X,"4x Native (~1440px/QHD)"
GFX_RES_5X,"5x Native (~1800px/QHD+)"
GFX_RES_6X,"6x Native (~2160px/4K UHD)"
GFX_RES_7X,"7x Native (~2520px)"
GFX_RES_8X,"8x Native (~2880px/5K UHD)"
GFX_RES_9X,"9x Native (~3240px)"
GFX_RES_10X,"10x Native (~3600px/6K UHD)"
GFX_RES_11X,"11x Native (~3960px)"
GFX_RES_12X,"12x Native (~4320px/8K UHD)"
GFX_TEXFILTER_NEAREST,"Nearest"
GFX_TEXFILTER_BILINEAR_FORCED,"Bilinear (Forced)"
GFX_TEXFILTER_BILINEAR_PS2,"Bilinear (PS2)"
GFX_TEXFILTER_BILINEAR_NOSPRITE,"Bilinear (Forced excluding sprite)"
GFX_DEINT_NONE,"No Deinterlacing"
GFX_DEINT_WEAVE_TFF,"Weave (Top Field First, Sawtooth)"
GFX_DEINT_WEAVE_BFF,"Weave (Bottom Field First, Sawtooth)"
GFX_DEINT_BOB_TFF,"Bob (Top Field First, Full Frames) (16:9)"
GFX_DEINT_BOB_BFF,"Bob (Bottom Field First, Full Frames)"
GFX_DEINT_BLEND_TFF,"Blend (Top Field First, Merge 2 Fields)"
GFX_DEINT_BLEND_BFF,"Blend (Bottom Field First, Merge 2 Fields)"
GFX_DEINT_ADAPTIVE_TFF,"Adaptive (Top Field First, Similar to Bob + Weave)"
GFX_DEINT_ADAPTIVE_BFF,"Adaptive (Bottom Field First, Similar to Bob + Weave)"
GFX_BILINEAR_NONE,"None"
GFX_BILINEAR_SMOOTH,"Bilinear (Smooth)"
GFX_BILINEAR_SHARP,"Bilinear (Sharp)"
GFX_TRILINEAR_OFF,"Off (None)"
GFX_TRILINEAR_PS2,"Trilinear (PS2)"
GFX_TRILINEAR_FORCED,"Trilinear (Forced)"
GFX_DITHER_OFF,"Off"
GFX_DITHER_SCALED,"Scaled"
GFX_DITHER_UNSCALED,"Unscaled (Default)"
GFX_DITHER_FORCE32,"Force 32bit"
SETTINGS_ADV_TITLE,"ADVANCED CUSTOM SETTINGS"
SETTINGS_ADV_ENABLE,"ENABLE ADVANCED SETTINGS"
SETTINGS_ADV_OPEN_LABEL,"ADVANCED SETTINGS"
SETTINGS_ADV_OPEN_HINT,"Edit the PCSX2 configuration files by hand."
SETTINGS_ADV_OPEN_BTN,"OPEN ADVANCED SETTINGS"
SETTINGS_EMULATOR_LABEL,"EMULATOR"
SETTINGS_EMULATOR_HINT,"Open the PCSX2 interface."
SETTINGS_EMULATOR_BTN,"OPEN EMULATOR"
SETTINGS_ADV_WARNING,"WARNING\n\nThis screen is a simplified setup for a quick start. PCSX2 offers full control through its own options. Click [OPEN ADVANCED SETTINGS] to edit the configuration files, or [OPEN EMULATOR] to open the emulator interface.\n\nChanging these settings can break the launcher. We recommend touching only the graphics options. Speed hacks cause critical errors, and custom gameplay settings invalidate your records.\n"
SERVER_MAIN_TITLE,"Main Servers"
SERVER_AR_LABEL,"Server located in Argentina"
SERVER_USA_LABEL,"Server located in USA"
SERVER_GER_LABEL,"Server located in Germany"
SERVER_JAP_LABEL,"Server located in Japan"
SERVER_AR_DESC,"Main server for Alissrip.net. Matchmaking runs here. Outbreak Hub stays unavailable while this server is offline. Report connection or ping issues on Discord."
SERVER_RELAY_DESC,"Relay server for in game matches only. Matchmaking and login run somewhere else."
SERVER_SELECTION_WARNING,"WARNING: Server selection applies only to rooms you create. Joining an existing room connects you to that room's server."
SELFHOST_TITLE,"Host your own server"
SELFHOST_STEPS_LABEL,"Before you host"
SELFHOST_GUIDE,"Hosting your own server takes only a few steps.\n\nFirst, open port 8690. Players cannot connect to your server while that port stays closed. \n\nYou can check the port at ""[url=https://www.yougetsignal.com/tools/open-ports/]https://www.yougetsignal.com/tools/open-ports/[/url]"" once the server is running.\n\nSecond, you need a stable PC and a stable internet connection. There are no strict minimum specs. The person with the most powerful hardware in the group is the best candidate to host.\n\nRemember to allow port 8690 through your firewall. It often blocks traffic before it reaches your router.\n\nThe process is very similar to hosting a Minecraft server. Anyone who has done that will run this one without trouble."
SELFHOST_YOUR_SERVER,"Your Server"
SERVER_STATUS_PREFIX,"Server status: "
SERVER_STATUS_OFFLINE,"Server status: offline."
SELFHOST_TEST_PORT,"Test Port"
SELFHOST_DOWNLOAD_TITLE,"Download Java server"
SELFHOST_DOWNLOAD_DESC,"Download the Java server to host your own Outbreak File 1 server."
SELFHOST_ARCH_TITLE,"About the server architecture"
SELFHOST_ARCH_DESC,"This is a simplified version of the Resurrection Server. It only relays in game match data. You cannot play while the main server is offline."
SERVER_START_ERROR,"The server could not start. Port 8690 is usually already in use. Close any other server instance and try again. Contact us on Discord if it keeps failing."
SERVER_HOSTED,"Server successfully hosted. Waiting for players to join..."
SERVER_STARTING,"Starting..."
SERVER_STOPPING,"Stopping..."
SERVER_STOP_CONFIRM,"Stop the server?"
SERVER_STOP_FAILED,"Could not stop the server. Try again."
SERVER_DOWNLOAD_CONFIRM,"Download the server? It takes around 300 MB."
POPUP_SERVER_TITLE,"Server"
RESULTS_TITLE,"RESULTS"
RESULTS_CLOSE_BEST,"LET'S GO!"
RESULTS_CLOSE_OK,"Nice"
RESULTS_SHOTS,"%d Shots"
RESULTS_PROGRESS,"%d%% Progress"
RESULTS_COSTUME,"Costume %s"
RESULTS_FF,"FF: %s"
RESULTS_INFECTION,"%.2f%% Infection"
RESULTS_POINTS,"Points: %d"
RESULTS_POINTS_BEST,"Points: %d (+%d)"
RESULTS_SURVIVED,"Survived"
RESULTS_DEATH,"Death"
RESULTS_ABANDONED,"Abandoned"
RESULTS_NO_HIT,"No Hit"
RESULTS_HITS,"%d Hits"
RESULTS_NEW_RECORD,"Record Achieved"
RESULTS_NO_RECORD,"No New Record"
BREAKDOWN_TITLE,"GAME BREAKDOWN"
BREAKDOWN_TOTAL_PROGRESS,"Total Progress: %d%%"
BREAKDOWN_FINAL_POINTS,"Final Points: %d"
BREAKDOWN_TIME,"Time: %s"
BREAKDOWN_INFECTION,"Infection: %d%%"
BREAKDOWN_HITS,"Hits: %d"
BREAKDOWN_SHOTS,"Shots: %d"
BREAKDOWN_PROGRESS,"Progress: %d%%"
BREAKDOWN_POINTS,"Points: %d"
DIFFICULTY_EASY,"Easy"
DIFFICULTY_NORMAL,"Normal"
DIFFICULTY_HARD,"Hard"
DIFFICULTY_VERY_HARD,"Very Hard"
INGAME_MENU,"Menu"
INGAME_LOBBY,"LOBBY"
INGAME_LOBBY_AREA,"LOBBY - AREA %d"
INGAME_LOBBY_AREA_ROOM,"LOBBY - AREA %d - ROOM %d"
INGAME_INFECTION,"%s - %.2f%%"
BADGE_INF_SHORT,"INF"
BADGE_INF_LONG,"INFECTION"
POPUP_EXIT_CONFIRM,"Exit Outbreak Hub?"
POPUP_OPEN_BROWSER,"This will open your browser."
POPUP_REMOVE_FRIEND,"Remove this friend?"
POPUP_EMULATOR_TITLE,"Emulator"
POPUP_PCSX2_MISSING,"PCSX2 executable not found. Check the emulator installation."
POPUP_PCSX2_START_FAILED,"Could not start PCSX2."
POPUP_PCSX2_DOWNLOAD,"PCSX2 not found. Download it?"
POPUP_NO_GAMEPAD_TITLE,"No gamepad detected"
POPUP_NO_GAMEPAD_MSG,"Connect a controller and set it up in the launcher settings."
POPUP_GUIDE_NOTICE,"Reaching the matchmaking lobby can be tricky.\nWe recommend reading the navigation guide first.\nIt opens in your browser."
POPUP_EMULATOR_ERROR_TITLE,"Emulator Error"
POPUP_INI_WRITE_FAILED,"Could not write the PCSX2 config. Check the file permissions."
POPUP_SETTINGS_APPLY_FAILED,"Could not apply the %s settings. Check the emulator installation."
POPUP_SESSION_KICKED,"Your account was logged in from another location.\nThis session will close."
SETTINGS_PART_GRAPHICS,"graphics"
SETTINGS_PART_CONTROLS,"controls"
SETTINGS_PART_ANTICHEAT,"anticheat"
SETTINGS_PART_ACHIEVEMENTS,"achievements"
LAUNCH_ERROR_TITLE,"Launch Error"
LAUNCH_ISO_MISSING,"Game ISO not found. Check the game path in settings."
LAUNCH_BIOS_MISSING,"BIOS not found. Check the BIOS path in settings."
LAUNCH_SETUP_GUIDE,"Need help setting up the game?\nThe setup guide opens in your browser."
UPDATE_AVAILABLE,"Version %s is available. Update now?"
UPDATE_IN_PROGRESS,"Updating..."
UPDATE_FAILED,"The download failed: %s"
INSTALL_DOWNLOADING_PCSX2,"Downloading PCSX2..."
INSTALL_UNZIPPING_PCSX2,"Unzipping PCSX2..."
INSTALL_DOWNLOADING_JDK,"Downloading JDK..."
INSTALL_UNZIPPING_JDK,"Unzipping JDK..."
INSTALL_MOVING_FILES,"Moving files..."
INSTALL_DOWNLOADING_SERVER,"Downloading server..."
INSTALL_UNZIPPING,"Unzipping files..."
DISCORD_IN_GAME,"In game"
DISCORD_IN_LAUNCHER,"In the launcher"
DISCORD_INFECTION,"INFECTION %.2f%%"
